{
    "version": 2,
    "name": "",
    "playerPosition": [
        -0.36000001430511477,
        -0.9900000095367432,
        0.0
    ],
    "elements": [
        {
            "prefab": "Square",
            "position": [
                26.852100372314454,
                -2.1700000762939455,
                0.0
            ],
            "scale": [
                73.70525360107422,
                1.0,
                1.0
            ],
            "rotation": []
        },
        {
            "prefab": "PushForce",
            "position": [
                -9.449999809265137,
                0.0,
                0.0
            ],
            "scale": [
                1.0,
                12.544756889343262,
                1.0
            ],
            "rotation": []
        }
    ]
}